"Question","Scenario","term","estimate","OR","CI","OR_low","OR_high","p.value","q_value","McFadden_R2","Status"
"Q1","MedicalSimple","EXPLNUnsubstantial",-0.424043958325004,0.654395115163441,"[0.124, 2.958]",0.124269475200597,2.9576140346279,0.586733966078239,0.586733966078239,0.172701791619072,""
"Q1","MedicalSimple","EXPLNHardware",0.659235689137589,1.93331411658527,"[0.227, 40.683]",0.227122429235648,40.682975156511,0.580281043234864,0.615105497583744,0.172701791619072,""
"Q1","MedicalSimple","EXPLNTrust",-0.337275671206285,0.713712062915767,"[0.121, 4.189]",0.120926881024495,4.18854386799932,0.696911780351635,0.778201056600887,0.172701791619072,""
"Q1","MedicalSimple","FAQHide",18.0697431792688,70402770.8676186,"[0.000, NA]",2.77707215139917e-57,NA,0.992767607736818,0.996477409954109,0.172701791619072,""
"Q1","MedicalSimple","FAQShow",0.526193947325607,1.69247837256301,"[0.480, 6.798]",0.479556456260071,6.79751644111033,0.4240386977537,0.821089613352275,0.172701791619072,""
"Q1","MedicalSimple","combined_Medical_ExperienceTRUE",-0.978212664281584,0.375982505619806,"[0.104, 1.282]",0.103928332854432,1.28159963179037,0.118406066596113,0.236812133192227,0.172701791619072,""
"Q1","MedicalSimple","combined_CS_ExperienceTRUE",-0.838037597911727,0.432558544869163,"[0.122, 1.655]",0.121797515107239,1.65520397718571,0.199312901113285,0.265750534817714,0.172701791619072,""
"Q1","MedicalComplex","EXPLNUnsubstantial",1.26905306547999,3.55748226412126,"[0.431, 74.031]",0.431344106348408,74.0309055218609,0.282515869364371,0.565031738728741,0.0636005315144657,""
"Q1","MedicalComplex","EXPLNHardware",1.61082764125154,5.00695347469015,"[0.598, 104.954]",0.598065467199301,104.954084385253,0.174913523932507,0.615105497583744,0.0636005315144657,""
"Q1","MedicalComplex","EXPLNTrust",0.239348381664647,1.27042105089794,"[0.223, 7.279]",0.22250981139969,7.27940813837578,0.778201056600887,0.778201056600887,0.0636005315144657,""
"Q1","MedicalComplex","FAQHide",-0.0037707605666111,0.996236339823587,"[0.173, 5.755]",0.173262517215518,5.75453187995984,0.996477409954109,0.996477409954109,0.0636005315144657,""
"Q1","MedicalComplex","FAQShow",0.470863704816673,1.60137671286719,"[0.253, 12.635]",0.253393516710686,12.6349479190141,0.615817210014206,0.821089613352275,0.0636005315144657,""
"Q1","MedicalComplex","combined_Medical_ExperienceTRUE",-0.68729628170258,0.502934024398646,"[0.116, 2.563]",0.115983184691552,2.56297008248964,0.365601471398928,0.365601471398928,0.0636005315144657,""
"Q1","MedicalComplex","combined_CS_ExperienceTRUE",0.847270992604137,2.33327064268169,"[0.395, 44.454]",0.395033856004747,44.4541223131112,0.435942035033324,0.435942035033324,0.0636005315144657,""
"Q1","IoTSimple","EXPLNUnsubstantial",-1.44507524720044,0.235728337990985,"[0.012, 1.603]",0.0118838795089535,1.60303731972938,0.200727150211971,0.565031738728741,0.103932061099006,""
"Q1","IoTSimple","EXPLNHardware",-1.20820093969568,0.298734237183027,"[0.014, 2.483]",0.0142791981475074,2.48279635063153,0.307953652440308,0.615105497583744,0.103932061099006,""
"Q1","IoTSimple","EXPLNTrust",-0.614482955771729,0.540920502842305,"[0.024, 5.948]",0.0243927682181341,5.94794060358553,0.623384943578798,0.778201056600887,0.103932061099006,""
"Q1","IoTSimple","FAQHide",0.769322706612615,2.15830395364194,"[0.551, 10.676]",0.551183187635375,10.6755368572587,0.292316046724419,0.996477409954109,0.103932061099006,""
"Q1","IoTSimple","FAQShow",1.60616646651714,4.98366949715818,"[0.839, 95.096]",0.838702799207062,95.095762711636,0.140313230541886,0.561252922167544,0.103932061099006,""
"Q1","IoTSimple","combined_IoT_ExperienceTRUE",0.433394109670363,1.54248400878943,"[0.214, 7.031]",0.214093942757424,7.03127546396191,0.61024853162248,0.61024853162248,0.103932061099006,""
"Q1","IoTSimple","combined_CS_ExperienceTRUE",-1.03761150965189,0.354299914067672,"[0.093, 1.379]",0.0929264363328429,1.37915633887634,0.122853646822555,0.245707293645111,0.103932061099006,""
"Q1","IoTComplex","EXPLNUnsubstantial",0.889360498887942,2.43357288100109,"[0.215, 55.539]",0.215025179993553,55.5385664685805,0.484226608564246,0.586733966078239,0.083333333613376,""
"Q1","IoTComplex","EXPLNHardware",0.644559333167715,1.90514730903737,"[0.165, 43.998]",0.164615623933778,43.9979095232061,0.615105497583744,0.615105497583744,0.083333333613376,""
"Q1","IoTComplex","EXPLNTrust",-0.666650316122828,0.513425513750333,"[0.061, 3.418]",0.0614860420523175,3.41840317675798,0.492020142835456,0.778201056600887,0.083333333613376,""
"Q1","IoTComplex","FAQHide",0.0487939637301115,1.05000398954629,"[0.113, 9.694]",0.11323801956629,9.69386911730647,0.963401718795946,0.996477409954109,0.083333333613376,""
"Q1","IoTComplex","FAQShow",-0.18442091739125,0.831585701265735,"[0.102, 5.479]",0.101723407408537,5.47903375490947,0.84769061408073,0.84769061408073,0.083333333613376,""
"Q1","IoTComplex","combined_IoT_ExperienceTRUE",1.17709927986698,3.24494785233096,"[0.422, 18.358]",0.422212434857385,18.3583503801622,0.197104689130777,0.394209378261554,0.083333333613376,""
"Q1","IoTComplex","combined_CS_ExperienceTRUE",-1.41679960436092,0.242488836586052,"[0.044, 1.370]",0.0442286060775225,1.37018953868212,0.091882430741793,0.245707293645111,0.083333333613376,""
"Q2","MedicalSimple","EXPLNUnsubstantial",-1.17281620061926,0.309494115296678,"[0.044, 1.420]",0.043795134923313,1.41987028205154,0.163614340065656,0.327228680131312,0.0794251070201811,""
"Q2","MedicalSimple","EXPLNHardware",-0.264621962672509,0.767496037291282,"[0.089, 6.643]",0.0886950192060386,6.64344946468356,0.796039608194413,0.796039608194413,0.0794251070201811,""
"Q2","MedicalSimple","EXPLNTrust",-1.66576644114138,0.189045710032272,"[0.027, 0.807]",0.0274259945915205,0.806828559064797,0.0421959338790096,0.168783735516038,0.0794251070201811,"Lost significance"
"Q2","MedicalSimple","FAQHide",0.291589032655669,1.3385528030962,"[0.430, 4.395]",0.430381118861725,4.39513178305147,0.616434986955398,0.766221386199202,0.0794251070201811,""
"Q2","MedicalSimple","FAQShow",0.842375730096213,2.3218765815973,"[0.677, 9.297]",0.676932772762093,9.2965512697657,0.196150706359893,0.196150706359893,0.0794251070201811,""
"Q2","MedicalSimple","combined_Medical_ExperienceTRUE",0.971155450706592,2.6409942357375,"[0.812, 11.925]",0.812452911227094,11.9245828362374,0.143055029109377,0.235088331967913,0.0794251070201811,""
"Q2","MedicalSimple","combined_CS_ExperienceTRUE",-0.0863859483414555,0.917240155580331,"[0.298, 3.467]",0.297880860863808,3.46726216366565,0.887642606514486,0.887642606514486,0.0794251070201811,""
"Q2","MedicalComplex","EXPLNUnsubstantial",0.389943384237637,1.47689717585607,"[0.521, 4.316]",0.52124162877498,4.31620726523505,0.464230141917823,0.618973522557097,0.0634043720777082,""
"Q2","MedicalComplex","EXPLNHardware",0.882971261361679,2.41807377229619,"[0.808, 7.780]",0.808285000268577,7.78007369908804,0.120428485006225,0.333004253980701,0.0634043720777082,""
"Q2","MedicalComplex","EXPLNTrust",0.193084076399965,1.21298477262494,"[0.446, 3.310]",0.445535477485945,3.31021148342013,0.70290115685019,0.915423843930502,0.0634043720777082,""
"Q2","MedicalComplex","FAQHide",0.770248860581468,2.16030380135509,"[0.924, 5.292]",0.924016834953782,5.29230200246354,0.0808775552155557,0.323510220862223,0.0634043720777082,""
"Q2","MedicalComplex","FAQShow",1.30786211342151,3.69825879678368,"[1.435, 10.840]",1.4345011705819,10.8398137192396,0.0100294625725361,0.0401178502901445,0.0634043720777082,"Stayed significant"
"Q2","MedicalComplex","combined_Medical_ExperienceTRUE",-0.492882496930161,0.610863043131784,"[0.274, 1.417]",0.274380903012398,1.41661117349351,0.235088331967913,0.235088331967913,0.0634043720777082,""
"Q2","MedicalComplex","combined_CS_ExperienceTRUE",-0.129501989552945,0.878532840526907,"[0.385, 2.159]",0.384711679113068,2.1591644368821,0.766310712034526,0.887642606514486,0.0634043720777082,""
"Q2","IoTSimple","EXPLNUnsubstantial",-0.00143927171415629,0.998561763540647,"[0.315, 3.165]",0.314926286655566,3.16535662451901,0.998015471885161,0.998015471885161,0.0299649464885292,""
"Q2","IoTSimple","EXPLNHardware",0.518344355030936,1.67924511316476,"[0.500, 6.046]",0.49950673207399,6.04572237839426,0.40475458030784,0.539672773743786,0.0299649464885292,""
"Q2","IoTSimple","EXPLNTrust",0.357310900688563,1.42948022716171,"[0.425, 5.144]",0.42463957725833,5.14402325073489,0.565858350630334,0.915423843930502,0.0299649464885292,""
"Q2","IoTSimple","FAQHide",0.140800800522949,1.15119530764,"[0.457, 2.991]",0.456811003423868,2.99101598864653,0.766221386199202,0.766221386199202,0.0299649464885292,""
"Q2","IoTSimple","FAQShow",1.1264875133953,3.08480212222347,"[0.930, 13.988]",0.929541966895199,13.9884736107844,0.0918463535121872,0.150330735210679,0.0299649464885292,""
"Q2","IoTSimple","combined_IoT_ExperienceTRUE",0.0159811857458564,1.01610956788261,"[0.225, 3.297]",0.225351216452109,3.29708329185347,0.980754881001687,0.980754881001687,0.0299649464885292,""
"Q2","IoTSimple","combined_CS_ExperienceTRUE",0.211147581160081,1.23509461830833,"[0.454, 3.969]",0.454212447914837,3.96929603109262,0.697162553395122,0.887642606514486,0.0299649464885292,""
"Q2","IoTComplex","EXPLNUnsubstantial",0.884416152372506,2.42157015068787,"[0.874, 7.433]",0.873580256239725,7.4325261233892,0.100164086521882,0.327228680131312,0.0722635065105526,""
"Q2","IoTComplex","EXPLNHardware",0.71717967280569,2.04864719984809,"[0.760, 5.951]",0.760420933518982,5.9511188403841,0.16650212699035,0.333004253980701,0.0722635065105526,""
"Q2","IoTComplex","EXPLNTrust",-0.0477521900962682,0.953370012337795,"[0.393, 2.317]",0.39256933930764,2.31713125702349,0.915423843930502,0.915423843930502,0.0722635065105526,""
"Q2","IoTComplex","FAQHide",-0.193359265278759,0.824185819595045,"[0.303, 2.183]",0.303308216271524,2.18278000873619,0.697696126261351,0.766221386199202,0.0722635065105526,""
"Q2","IoTComplex","FAQShow",-0.714690821968762,0.489343382633959,"[0.194, 1.154]",0.193981149099377,1.15401469020895,0.112748051408009,0.150330735210679,0.0722635065105526,""
"Q2","IoTComplex","combined_IoT_ExperienceTRUE",-1.31533667091143,0.268383950957849,"[0.042, 0.958]",0.041949399279143,0.958263671803706,0.082764664854444,0.165529329708888,0.0722635065105526,""
"Q2","IoTComplex","combined_CS_ExperienceTRUE",-0.640450663771792,0.527054845988324,"[0.241, 1.195]",0.240794290856791,1.19524480399997,0.11439105704191,0.457564228167642,0.0722635065105526,""
"Q3","MedicalSimple","EXPLNUnsubstantial",0.764925975826647,2.14883530301074,"[1.030, 4.579]",1.02989673836443,4.579439345548,0.0436628195380996,0.0758934013252756,0.0811085591602025,"Lost significance"
"Q3","MedicalSimple","EXPLNHardware",0.933963751563692,2.5445752789169,"[1.108, 6.148]",1.10783022821013,6.14789222004151,0.0315689321863133,0.0420919095817511,0.0811085591602025,"Stayed significant"
"Q3","MedicalSimple","EXPLNTrust",1.35578002284879,3.87978609844512,"[1.662, 9.756]",1.6624640437343,9.75555643801371,0.00245755646235229,0.00983022584940917,0.0811085591602025,"Stayed significant"
"Q3","MedicalSimple","FAQHide",1.28746411067362,3.62358588197687,"[1.651, 8.538]",1.65052633781052,8.538218529469,0.00196586207948906,0.00786344831795625,0.0811085591602025,"Stayed significant"
"Q3","MedicalSimple","FAQShow",0.37102961613292,1.44922599322073,"[0.747, 2.842]",0.746950535024925,2.84200031964325,0.274834947485675,0.54966989497135,0.0811085591602025,""
"Q3","MedicalSimple","combined_Medical_ExperienceTRUE",-0.124134048060348,0.88326143346485,"[0.473, 1.675]",0.472693793834454,1.67488940955372,0.699490874352263,0.699490874352263,0.0811085591602025,""
"Q3","MedicalSimple","combined_CS_ExperienceTRUE",0.100766363272858,1.10601820510085,"[0.530, 2.419]",0.529779495451274,2.41870490548916,0.793501757701752,0.793501757701752,0.0811085591602025,""
"Q3","MedicalComplex","EXPLNUnsubstantial",0.557449466934482,1.7462130416131,"[0.794, 3.905]",0.794162985576488,3.90534652090952,0.168380722483528,0.168380722483528,0.0257845179325532,""
"Q3","MedicalComplex","EXPLNHardware",0.786131995124328,2.19489013992019,"[1.023, 4.783]",1.02275784384773,4.78267850329035,0.0448898998573609,0.0448898998573609,0.0257845179325532,"Stayed significant"
"Q3","MedicalComplex","EXPLNTrust",0.522376637059229,1.68602997309697,"[0.783, 3.672]",0.783131205247661,3.67192497065941,0.18343344505615,0.18343344505615,0.0257845179325532,""
"Q3","MedicalComplex","FAQHide",-0.137633034739906,0.871418413363558,"[0.444, 1.698]",0.443841546806821,1.69832162250141,0.686726274490936,0.849297407892061,0.0257845179325532,""
"Q3","MedicalComplex","FAQShow",0.128987948379743,1.13767641323901,"[0.570, 2.280]",0.56968164724522,2.27983151778266,0.71443027180913,0.718712100573695,0.0257845179325532,""
"Q3","MedicalComplex","combined_Medical_ExperienceTRUE",-0.34728388543482,0.706604704998162,"[0.384, 1.314]",0.384330811556517,1.31438485572094,0.266508715381469,0.533017430762938,0.0257845179325532,""
"Q3","MedicalComplex","combined_CS_ExperienceTRUE",-0.445498034406976,0.64050520295531,"[0.345, 1.203]",0.344858311601027,1.20318043075123,0.160737839654912,0.321475679309823,0.0257845179325532,""
"Q3","IoTSimple","EXPLNUnsubstantial",0.779777339608045,2.18098659210065,"[0.987, 4.955]",0.987274458838271,4.95461061816995,0.0569200509939567,0.0758934013252756,0.0414762011146433,""
"Q3","IoTSimple","EXPLNHardware",0.985545112398197,2.67927199080418,"[1.189, 6.281]",1.18895276388796,6.28100057658894,0.0195306787199937,0.0390613574399874,0.0414762011146433,"Stayed significant"
"Q3","IoTSimple","EXPLNTrust",0.613572766702963,1.84701859104595,"[0.849, 4.100]",0.848649190149498,4.1001250763582,0.125081192002247,0.166774922669663,0.0414762011146433,""
"Q3","IoTSimple","FAQHide",0.103668482707369,1.10923266414473,"[0.561, 2.210]",0.561418761973094,2.20951299580158,0.765891216062901,0.849297407892061,0.0414762011146433,""
"Q3","IoTSimple","FAQShow",0.133157974710486,1.14243045919743,"[0.557, 2.387]",0.556569767912535,2.38700519409724,0.718712100573695,0.718712100573695,0.0414762011146433,""
"Q3","IoTSimple","combined_IoT_ExperienceTRUE",0.677859019675059,1.96965621954225,"[0.831, 4.533]",0.830636960495969,4.53264841955929,0.114093971756988,0.228187943513977,0.0414762011146433,""
"Q3","IoTSimple","combined_CS_ExperienceTRUE",-0.541498826817672,0.581875467905155,"[0.301, 1.139]",0.301066860180044,1.13898641479807,0.109148842084124,0.321475679309823,0.0414762011146433,""
"Q3","IoTComplex","EXPLNUnsubstantial",1.23736804168194,3.44653039253718,"[1.593, 7.734]",1.59319337180866,7.73365768826772,0.00204895669874548,0.0081958267949819,0.069822869719844,"Stayed significant"
"Q3","IoTComplex","EXPLNHardware",1.09806938690164,2.99837173673409,"[1.364, 6.837]",1.36406134159203,6.83663798820485,0.00731705999853767,0.0292682399941507,0.069822869719844,"Stayed significant"
"Q3","IoTComplex","EXPLNTrust",1.13732296740933,3.11840909837615,"[1.426, 7.080]",1.42603873784542,7.08046191658777,0.00519020059450629,0.0103804011890126,0.069822869719844,"Stayed significant"
"Q3","IoTComplex","FAQHide",0.0678177909248325,1.07017029597289,"[0.529, 2.155]",0.52933636667068,2.15451869563737,0.849297407892061,0.849297407892061,0.069822869719844,""
"Q3","IoTComplex","FAQShow",0.860277664715264,2.36381695115249,"[1.161, 4.895]",1.16103315120681,4.89532022659719,0.0186300249052538,0.074520099621015,0.069822869719844,"Lost significance"
"Q3","IoTComplex","combined_IoT_ExperienceTRUE",0.243601340722114,1.27583560539106,"[0.568, 2.758]",0.567805233628039,2.75752828802819,0.542632120838816,0.542632120838816,0.069822869719844,""
"Q3","IoTComplex","combined_CS_ExperienceTRUE",-0.343951413477711,0.708963373277455,"[0.360, 1.422]",0.360332012646317,1.42165670020168,0.323746473206048,0.43166196427473,0.069822869719844,""
"Q4","MedicalSimple","EXPLNUnsubstantial",0.700254471348945,2.01426521504487,"[0.946, 4.393]",0.94557000083605,4.39302873939123,0.0725692200575755,0.0725692200575755,0.0639405107699211,""
"Q4","MedicalSimple","EXPLNHardware",1.43664599635623,4.20656330135005,"[1.627, 12.425]",1.62738651424306,12.4245793275742,0.00495598701895092,0.0152837333966945,0.0639405107699211,"Stayed significant"
"Q4","MedicalSimple","EXPLNTrust",0.990087428103758,2.69146977216171,"[1.168, 6.573]",1.16792525045623,6.57297714231554,0.0235924253423071,0.0471848506846143,0.0639405107699211,"Stayed significant"
"Q4","MedicalSimple","FAQHide",0.327778768184211,1.38788189469133,"[0.660, 2.978]",0.659859781242054,2.97753306308142,0.391427294447391,0.668432917223692,0.0639405107699211,""
"Q4","MedicalSimple","FAQShow",0.681443583383387,1.97672924703003,"[0.939, 4.287]",0.9387524254011,4.28714933402505,0.0770235882340345,0.308094352936138,0.0639405107699211,""
"Q4","MedicalSimple","combined_Medical_ExperienceTRUE",-0.553340763921209,0.575025573270229,"[0.302, 1.100]",0.302308700639264,1.10046332967889,0.0919177954260238,0.0919177954260238,0.0639405107699211,""
"Q4","MedicalSimple","combined_CS_ExperienceTRUE",0.339526674694604,1.40428275067141,"[0.645, 3.299]",0.64520369942372,3.29875995538176,0.410898625493657,0.410898625493657,0.0639405107699211,""
"Q4","MedicalComplex","EXPLNUnsubstantial",1.2086203299151,3.34886114028791,"[1.434, 8.192]",1.43374170497764,8.19189972682416,0.00627593614695852,0.0150014638785913,0.0770831093668024,"Stayed significant"
"Q4","MedicalComplex","EXPLNHardware",0.88439973625363,2.4215303982307,"[1.106, 5.405]",1.10595649184878,5.40524947850525,0.0282353581276227,0.0282353581276227,0.0770831093668024,"Stayed significant"
"Q4","MedicalComplex","EXPLNTrust",0.985310014760064,2.67864217432431,"[1.192, 6.202]",1.1918964424652,6.20170680913364,0.0186425667373073,0.0471848506846143,0.0770831093668024,"Stayed significant"
"Q4","MedicalComplex","FAQHide",0.199279029620575,1.22052248031544,"[0.594, 2.510]",0.594225143160161,2.51033025932989,0.58628121531187,0.668432917223692,0.0770831093668024,""
"Q4","MedicalComplex","FAQShow",0.250804825996943,1.28505924969586,"[0.620, 2.685]",0.619805571640527,2.68541634217206,0.500748868685462,0.607874849237962,0.0770831093668024,""
"Q4","MedicalComplex","combined_Medical_ExperienceTRUE",-0.78376252669837,0.45668448712026,"[0.240, 0.870]",0.239980487813647,0.870368665683989,0.016673966113227,0.033347932226454,0.0770831093668024,"Stayed significant"
"Q4","MedicalComplex","combined_CS_ExperienceTRUE",-0.925725388293125,0.396243884125591,"[0.208, 0.757]",0.20763224673694,0.756696892703108,0.0048579662855175,0.01943186514207,0.0770831093668024,"Stayed significant"
"Q4","IoTSimple","EXPLNUnsubstantial",1.07218773662124,2.92176456434679,"[1.296, 6.864]",1.29613493720101,6.86401745505959,0.0112510979089435,0.0150014638785913,0.0541304740072713,"Stayed significant"
"Q4","IoTSimple","EXPLNHardware",1.0460935082263,2.84650950395932,"[1.263, 6.683]",1.26342034959378,6.68279976037208,0.0132631620165799,0.0176842160221065,0.0541304740072713,"Stayed significant"
"Q4","IoTSimple","EXPLNTrust",0.702102614503764,2.01799130762972,"[0.928, 4.489]",0.927565531758443,4.48922415046969,0.0796054215351377,0.0796054215351377,0.0541304740072713,""
"Q4","IoTSimple","FAQHide",0.311937581918326,1.3660694229355,"[0.684, 2.768]",0.684314469634234,2.76847739122005,0.379682816771037,0.668432917223692,0.0541304740072713,""
"Q4","IoTSimple","FAQShow",0.19043158057923,1.20977159893375,"[0.588, 2.537]",0.588135156043284,2.53654462754063,0.607874849237962,0.607874849237962,0.0541304740072713,""
"Q4","IoTSimple","combined_IoT_ExperienceTRUE",0.753380803508215,2.1241692898191,"[0.889, 4.940]",0.889425739976765,4.93983149726228,0.0822077994323908,0.164415598864782,0.0541304740072713,""
"Q4","IoTSimple","combined_CS_ExperienceTRUE",-0.609140220548673,0.543818231872265,"[0.279, 1.072]",0.278765980733314,1.07165519542795,0.074925281577909,0.110716902926453,0.0541304740072713,""
"Q4","IoTComplex","EXPLNUnsubstantial",1.02185977291871,2.77835707536015,"[1.280, 6.235]",1.28032169886711,6.23481811135268,0.011002467199159,0.0150014638785913,0.0580556990069555,"Stayed significant"
"Q4","IoTComplex","EXPLNHardware",1.12356727551941,3.07580690670351,"[1.372, 7.218]",1.37162015536826,7.21766213806735,0.00764186669834726,0.0152837333966945,0.0580556990069555,"Stayed significant"
"Q4","IoTComplex","EXPLNTrust",0.832354096034992,2.2987237923273,"[1.065, 5.099]",1.06541033040996,5.09858336328148,0.0363123149479275,0.04841641993057,0.0580556990069555,"Stayed significant"
"Q4","IoTComplex","FAQHide",0.160623508763158,1.17424279345986,"[0.561, 2.455]",0.561086678437734,2.45518486940382,0.668432917223692,0.668432917223692,0.0580556990069555,""
"Q4","IoTComplex","FAQShow",0.233883073161512,1.2634967468902,"[0.623, 2.555]",0.623339537229753,2.55531806115378,0.514207970381999,0.607874849237962,0.0580556990069555,""
"Q4","IoTComplex","combined_IoT_ExperienceTRUE",-0.526611568812482,0.590602799958455,"[0.224, 1.380]",0.2243070176488,1.37986532896792,0.249410271442468,0.249410271442468,0.0580556990069555,""
"Q4","IoTComplex","combined_CS_ExperienceTRUE",-0.596054346142114,0.550981334467758,"[0.282, 1.091]",0.281868911101986,1.0914921265353,0.0830376771948399,0.110716902926453,0.0580556990069555,""
"Q5","MedicalSimple","EXPLNUnsubstantial",-1.33282859827445,0.263730218415076,"[0.057, 0.906]",0.0570577927431896,0.905908771808064,0.0506416770446472,0.202566708178589,0.0653979601193242,""
"Q5","MedicalSimple","EXPLNHardware",-0.709367769350735,0.49195512827077,"[0.092, 2.363]",0.0920171783704025,2.36272329405902,0.372218487238454,0.672516501484479,0.0653979601193242,""
"Q5","MedicalSimple","EXPLNTrust",-0.503621061141095,0.604338346754977,"[0.114, 2.886]",0.113647222105512,2.88555072763124,0.5247254402355,0.5247254402355,0.0653979601193242,""
"Q5","MedicalSimple","FAQHide",0.236783635057798,1.26716691761581,"[0.390, 4.478]",0.38958468120057,4.47771829965974,0.697680750253543,0.781487214259984,0.0653979601193242,""
"Q5","MedicalSimple","FAQShow",-0.285097700193175,0.75194078597046,"[0.258, 2.140]",0.257956870258176,2.13953041935221,0.591980137127841,0.591980137127841,0.0653979601193242,""
"Q5","MedicalSimple","combined_Medical_ExperienceTRUE",-0.76328686791635,0.466131792687194,"[0.187, 1.162]",0.187290972483011,1.16217721731629,0.0973771682859066,0.194754336571813,0.0653979601193242,""
"Q5","MedicalSimple","combined_CS_ExperienceTRUE",-0.377818120686579,0.685355141253295,"[0.252, 2.094]",0.251593506800802,2.09360624300386,0.477886923118844,0.680942251245279,0.0653979601193242,""
"Q5","MedicalComplex","EXPLNUnsubstantial",0.924612793167659,2.52089196476383,"[0.712, 10.356]",0.712448221302685,10.3560494708574,0.165588878245257,0.220785170993676,0.108060055613682,""
"Q5","MedicalComplex","EXPLNHardware",0.926122339883778,2.52470024261442,"[0.776, 8.693]",0.77557400956139,8.69265764266356,0.12686128979542,0.507445159181681,0.108060055613682,""
"Q5","MedicalComplex","EXPLNTrust",1.66404819628522,5.28064471979292,"[1.201, 37.038]",1.20135090742173,37.0379841646364,0.0456426741474731,0.182570696589892,0.108060055613682,"Lost significance"
"Q5","MedicalComplex","FAQHide",-1.42110323340471,0.241447496963088,"[0.051, 0.838]",0.05148464992045,0.838329034956047,0.0393542551421805,0.157417020568722,0.108060055613682,"Lost significance"
"Q5","MedicalComplex","FAQShow",-0.541579494421245,0.581828531298739,"[0.113, 2.528]",0.113365947697996,2.52768517295924,0.477649497033206,0.591980137127841,0.108060055613682,""
"Q5","MedicalComplex","combined_Medical_ExperienceTRUE",-0.639658173596647,0.527472697325203,"[0.194, 1.520]",0.194052797618809,1.51995700838348,0.216232080847556,0.216232080847556,0.108060055613682,""
"Q5","MedicalComplex","combined_CS_ExperienceTRUE",-0.882489311549372,0.41375167186017,"[0.155, 1.149]",0.154774119260354,1.14946044125268,0.0804752758004379,0.321901103201752,0.108060055613682,""
"Q5","IoTSimple","EXPLNUnsubstantial",0.0688717059397091,1.07129875906394,"[0.312, 3.687]",0.312129076190243,3.68655107700889,0.911084750964666,0.911084750964666,0.0310291355758715,""
"Q5","IoTSimple","EXPLNHardware",-0.378768250114949,0.684704274417537,"[0.214, 2.055]",0.213773393234033,2.05459469828789,0.504387376113359,0.672516501484479,0.0310291355758715,""
"Q5","IoTSimple","EXPLNTrust",0.77765227458004,2.17635677484092,"[0.541, 10.783]",0.541438607910898,10.7825373506531,0.290608420808167,0.443843004844137,0.0310291355758715,""
"Q5","IoTSimple","FAQHide",0.134119007765028,1.14352890036583,"[0.444, 3.023]",0.443544756250915,3.02292525821833,0.781487214259984,0.781487214259984,0.0310291355758715,""
"Q5","IoTSimple","FAQShow",0.692000320467113,1.99770759459973,"[0.645, 7.511]",0.644569447508097,7.51145342393358,0.25694604558409,0.569425383690758,0.0310291355758715,""
"Q5","IoTSimple","combined_IoT_ExperienceTRUE",0.046532319707238,1.0476319376789,"[0.233, 3.391]",0.232800733641522,3.39121559498677,0.943898934434528,0.943898934434528,0.0310291355758715,""
"Q5","IoTSimple","combined_CS_ExperienceTRUE",-0.266939693268608,0.765719248097996,"[0.288, 2.279]",0.287996707398795,2.27895558453609,0.607053817077457,0.680942251245279,0.0310291355758715,""
"Q5","IoTComplex","EXPLNUnsubstantial",-0.952299003624029,0.385852925701159,"[0.098, 1.286]",0.0980257742680128,1.28579778064582,0.137114371401709,0.220785170993676,0.0379175395389607,""
"Q5","IoTComplex","EXPLNHardware",-0.0687102783121493,0.933597124234147,"[0.208, 4.184]",0.208326127096253,4.18391370241445,0.926010687666093,0.926010687666093,0.0379175395389607,""
"Q5","IoTComplex","EXPLNTrust",-0.640030870670915,0.527276146423402,"[0.131, 1.870]",0.130570275939255,1.8695223584723,0.332882253633102,0.443843004844137,0.0379175395389607,""
"Q5","IoTComplex","FAQHide",-0.326328956609566,0.721567783894363,"[0.206, 2.314]",0.205957608439126,2.31368139862404,0.588912197843888,0.781487214259984,0.0379175395389607,""
"Q5","IoTComplex","FAQShow",-0.611724980952444,0.542414407096598,"[0.162, 1.595]",0.161912483482192,1.59460256391801,0.284712691845379,0.569425383690758,0.0379175395389607,""
"Q5","IoTComplex","combined_IoT_ExperienceTRUE",-0.974561091725104,0.377357942744936,"[0.058, 1.400]",0.0578087255926913,1.40028645745798,0.207772019775339,0.415544039550677,0.0379175395389607,""
"Q5","IoTComplex","combined_CS_ExperienceTRUE",0.239017907861111,1.27000127938672,"[0.443, 4.587]",0.443499272920357,4.58705483940682,0.680942251245279,0.680942251245279,0.0379175395389607,""
"Q6","MedicalSimple","EXPLNUnsubstantial",0.354968012821136,1.42613503551541,"[0.495, 4.264]",0.494955927331101,4.26388033765131,0.511556662075303,0.921620096448783,0.0293484074731968,""
"Q6","MedicalSimple","EXPLNHardware",0.287675850104699,1.33332503689637,"[0.424, 4.641]",0.424078405147482,4.64064430876943,0.63053469366522,0.9692978196658,0.0293484074731968,""
"Q6","MedicalSimple","EXPLNTrust",-0.105805930745667,0.89959921568526,"[0.323, 2.504]",0.323273672579132,2.504278473239,0.837415875034957,0.837415875034957,0.0293484074731968,""
"Q6","MedicalSimple","FAQHide",-0.749223670786217,0.472733407076966,"[0.153, 1.352]",0.152692457715208,1.3516115169369,0.170342149154118,0.42843519677389,0.0293484074731968,""
"Q6","MedicalSimple","FAQShow",-1.00009845280021,0.367843224193181,"[0.124, 0.977]",0.1238096425007,0.976851879507757,0.0536282025487009,0.107256405097402,0.0293484074731968,""
"Q6","MedicalSimple","combined_Medical_ExperienceTRUE",0.0419321122071028,1.04282368134954,"[0.459, 2.537]",0.45889887620346,2.53682118840488,0.92258010904711,0.92258010904711,0.0293484074731968,""
"Q6","MedicalSimple","combined_CS_ExperienceTRUE",-0.113155905094992,0.893011424231582,"[0.355, 2.565]",0.355161435303655,2.56522911369872,0.819612694667459,0.942020335975256,0.0293484074731968,""
"Q6","MedicalComplex","EXPLNUnsubstantial",1.04847155494853,2.85328669159562,"[0.964, 9.654]",0.963571241843798,9.65447163627838,0.0692044463688211,0.276817785475284,0.0348488396860345,""
"Q6","MedicalComplex","EXPLNHardware",0.547276366902839,1.72853869553865,"[0.667, 4.554]",0.667223119595957,4.55406091574282,0.259401714660908,0.9692978196658,0.0348488396860345,""
"Q6","MedicalComplex","EXPLNTrust",0.631796976979817,1.88098763558983,"[0.705, 5.250]",0.704973776578518,5.25030586696276,0.212012031842578,0.559281036816213,0.0348488396860345,""
"Q6","MedicalComplex","FAQHide",0.432610818906036,1.54127626837893,"[0.657, 3.682]",0.657205431126861,3.68211047505993,0.321126590284866,0.42843519677389,0.0348488396860345,""
"Q6","MedicalComplex","FAQShow",0.75623395187869,2.13023851404839,"[0.856, 5.660]",0.855878623617372,5.66026205167971,0.112274452457586,0.149699269943447,0.0348488396860345,""
"Q6","MedicalComplex","combined_Medical_ExperienceTRUE",0.254109595925679,1.28931309998763,"[0.550, 3.391]",0.550125898015991,3.39121971879122,0.578593266953309,0.92258010904711,0.0348488396860345,""
"Q6","MedicalComplex","combined_CS_ExperienceTRUE",0.0323188520139117,1.03284677808294,"[0.448, 2.612]",0.448394628209421,2.61170675014604,0.942020335975256,0.942020335975256,0.0348488396860345,""
"Q6","IoTSimple","EXPLNUnsubstantial",0.18727509439234,1.20595899197856,"[0.477, 3.079]",0.476925183431096,3.07882885458667,0.691215072336587,0.921620096448783,0.0238764492590291,""
"Q6","IoTSimple","EXPLNHardware",-0.0175545381221347,0.982598645118806,"[0.397, 2.410]",0.397409849405154,2.41019598375132,0.9692978196658,0.9692978196658,0.0238764492590291,""
"Q6","IoTSimple","EXPLNTrust",0.488335593171904,1.62960164140148,"[0.625, 4.392]",0.625027362406685,4.39245139971539,0.321104821691059,0.559281036816213,0.0238764492590291,""
"Q6","IoTSimple","FAQHide",-0.0528530596119088,0.948519378048355,"[0.414, 2.189]",0.413582624257951,2.18882254790706,0.900205581093798,0.900205581093798,0.0238764492590291,""
"Q6","IoTSimple","FAQShow",-0.777295685204857,0.459647363210407,"[0.206, 1.005]",0.206102469562601,1.00529273711987,0.0529285205819176,0.107256405097402,0.0238764492590291,""
"Q6","IoTSimple","combined_IoT_ExperienceTRUE",0.0202140336124542,1.02041972077457,"[0.322, 2.723]",0.322014685983198,2.72271062719993,0.969807681977094,0.969807681977094,0.0238764492590291,""
"Q6","IoTSimple","combined_CS_ExperienceTRUE",-0.180906028052907,0.83451377589562,"[0.390, 1.885]",0.390099901397015,1.88461793227553,0.649868202670309,0.942020335975256,0.0238764492590291,""
"Q6","IoTComplex","EXPLNUnsubstantial",-0.0147872020221073,0.985321591737792,"[0.333, 2.915]",0.332885486330395,2.91485811068204,0.978373409543764,0.978373409543764,0.0249424420981299,""
"Q6","IoTComplex","EXPLNHardware",0.127187415746289,1.13562983275104,"[0.374, 3.529]",0.373551984697524,3.52887369092903,0.821564280494209,0.9692978196658,0.0249424420981299,""
"Q6","IoTComplex","EXPLNTrust",0.490685419283979,1.63343542448846,"[0.506, 5.763]",0.505646861839574,5.76316739427954,0.41946077761216,0.559281036816213,0.0249424420981299,""
"Q6","IoTComplex","FAQHide",-0.54070428780978,0.582337974377527,"[0.188, 1.651]",0.187959397942903,1.65142399905638,0.321326397580417,0.42843519677389,0.0249424420981299,""
"Q6","IoTComplex","FAQShow",-0.404613830211879,0.667234426890768,"[0.218, 1.867]",0.217992014430303,1.86694967210577,0.452390878057657,0.452390878057657,0.0249424420981299,""
"Q6","IoTComplex","combined_IoT_ExperienceTRUE",-0.988757988547574,0.372038480242137,"[0.058, 1.342]",0.0579149246243362,1.34222860353148,0.194252658932141,0.388505317864282,0.0249424420981299,""
"Q6","IoTComplex","combined_CS_ExperienceTRUE",-0.242701144998201,0.78450593226304,"[0.322, 2.121]",0.321544363052091,2.12137818867267,0.609255153876247,0.942020335975256,0.0249424420981299,""
"Q7","MedicalSimple","EXPLNUnsubstantial",-0.0167601450052735,0.983379524840798,"[0.484, 1.993]",0.4842762406673,1.99303035715451,0.962841786282209,0.962841786282209,0.0145982308882528,""
"Q7","MedicalSimple","EXPLNHardware",-0.127791580166947,0.880036777150263,"[0.408, 1.906]",0.407851596311326,1.90625490480783,0.744359327328165,0.779302459914265,0.0145982308882528,""
"Q7","MedicalSimple","EXPLNTrust",-0.200040535752575,0.818697565883388,"[0.394, 1.698]",0.393685060800014,1.69842216440376,0.590501174920875,0.590501174920875,0.0145982308882528,""
"Q7","MedicalSimple","FAQHide",0.11542895689911,1.12235477615228,"[0.582, 2.178]",0.582152684469343,2.17812682435829,0.730904759705946,0.822247491260122,0.0145982308882528,""
"Q7","MedicalSimple","FAQShow",-0.30057962820458,0.740388945968428,"[0.396, 1.379]",0.395802617674148,1.37855907867955,0.343933194906959,0.343933194906959,0.0145982308882528,""
"Q7","MedicalSimple","combined_Medical_ExperienceTRUE",0.423438756083114,1.52720421913058,"[0.864, 2.753]",0.863717024363713,2.75273933281038,0.150848729329892,0.218826572754557,0.0145982308882528,""
"Q7","MedicalSimple","combined_CS_ExperienceTRUE",0.204487033404931,1.22689554708487,"[0.633, 2.451]",0.632842879762916,2.45131391871322,0.55165927687882,0.592243977465827,0.0145982308882528,""
"Q7","MedicalComplex","EXPLNUnsubstantial",0.271665626844944,1.31214818082318,"[0.462, 3.833]",0.461777890340109,3.83286114413465,0.610546354906934,0.958559670368941,0.0554520687888015,""
"Q7","MedicalComplex","EXPLNHardware",0.441911407864414,1.55567791350037,"[0.586, 4.100]",0.586057403426875,4.09960521981471,0.368668862570853,0.737337725141707,0.0554520687888015,""
"Q7","MedicalComplex","EXPLNTrust",0.334525539198406,1.39727727462915,"[0.504, 3.927]",0.504189353860201,3.92725110350916,0.51830352252945,0.590501174920875,0.0554520687888015,""
"Q7","MedicalComplex","FAQHide",-1.36360170497735,0.255738023296449,"[0.088, 0.651]",0.0877841367421613,0.650668017838413,0.00674621533980033,0.0269848613592013,0.0554520687888015,"Stayed significant"
"Q7","MedicalComplex","FAQShow",-0.82061628717692,0.440160305747986,"[0.145, 1.212]",0.144794031417434,1.21237902266356,0.123739608301042,0.247479216602083,0.0554520687888015,""
"Q7","MedicalComplex","combined_Medical_ExperienceTRUE",0.559517625227504,1.74982822369229,"[0.753, 4.593]",0.753469854920424,4.59315251883065,0.218826572754557,0.218826572754557,0.0554520687888015,""
"Q7","MedicalComplex","combined_CS_ExperienceTRUE",0.627542844845333,1.87300266225297,"[0.769, 5.307]",0.769024720030611,5.30732112225513,0.19592500696521,0.39185001393042,0.0554520687888015,""
"Q7","IoTSimple","EXPLNUnsubstantial",0.157369401899315,1.1704278923402,"[0.527, 2.611]",0.527417412470447,2.61069743912501,0.698373689870497,0.958559670368941,0.0362477435622771,""
"Q7","IoTSimple","EXPLNHardware",-0.412868879956172,0.661749045703424,"[0.311, 1.390]",0.310800842529289,1.38966575416483,0.278167839542119,0.737337725141707,0.0362477435622771,""
"Q7","IoTSimple","EXPLNTrust",0.333192924134166,1.39541648201956,"[0.627, 3.142]",0.626671727923351,3.14175327192028,0.415525505509654,0.590501174920875,0.0362477435622771,""
"Q7","IoTSimple","FAQHide",0.0751698564563696,1.07806725201689,"[0.560, 2.088]",0.560019640640997,2.08770125044311,0.822247491260122,0.822247491260122,0.0362477435622771,""
"Q7","IoTSimple","FAQShow",-0.391659394526891,0.675934301679417,"[0.344, 1.324]",0.344298504423921,1.32353169430158,0.252750005952033,0.337000007936043,0.0362477435622771,""
"Q7","IoTSimple","combined_IoT_ExperienceTRUE",0.0494919797755464,1.05073716503312,"[0.424, 2.451]",0.424339935012817,2.45069382985487,0.910944336801414,0.910944336801414,0.0362477435622771,""
"Q7","IoTSimple","combined_CS_ExperienceTRUE",0.737567963878367,2.09084431711192,"[1.028, 4.553]",1.02839109577917,4.55287416784853,0.0500581363554412,0.200232545421765,0.0362477435622771,""
"Q7","IoTComplex","EXPLNUnsubstantial",-0.149585886254672,0.861064481240486,"[0.378, 1.946]",0.378292184144746,1.94642849127269,0.718919752776706,0.958559670368941,0.0282807488787024,""
"Q7","IoTComplex","EXPLNHardware",-0.118699480935252,0.888074644025647,"[0.385, 2.044]",0.384956589369935,2.04401012819683,0.779302459914265,0.779302459914265,0.0282807488787024,""
"Q7","IoTComplex","EXPLNTrust",-0.246260655448796,0.7817184391971,"[0.345, 1.755]",0.345191457403943,1.75529011060802,0.550742911121128,0.590501174920875,0.0282807488787024,""
"Q7","IoTComplex","FAQHide",-0.255355283718635,0.774641231647769,"[0.348, 1.687]",0.348395058861167,1.68654301829752,0.523086003869738,0.822247491260122,0.0282807488787024,""
"Q7","IoTComplex","FAQShow",-0.804989922480544,0.447092432119337,"[0.210, 0.913]",0.21039387858762,0.912705044001271,0.0306136665796691,0.122454666318676,0.0282807488787024,"Lost significance"
"Q7","IoTComplex","combined_IoT_ExperienceTRUE",-0.693155933970965,0.499995623313646,"[0.191, 1.156]",0.190734434623122,1.15614489733516,0.126545740599161,0.253091481198322,0.0282807488787024,""
"Q7","IoTComplex","combined_CS_ExperienceTRUE",-0.191183439243922,0.825981056912657,"[0.415, 1.697]",0.415319352337579,1.6967040660627,0.592243977465827,0.592243977465827,0.0282807488787024,""
"Q8","MedicalSimple","EXPLNUnsubstantial",0.232339658198981,1.2615481512386,"[0.644, 2.483]",0.643646543804051,2.48316818960226,0.498914982677508,0.665219976903344,0.00651002450521365,""
"Q8","MedicalSimple","EXPLNHardware",0.44406670872131,1.55903448334996,"[0.739, 3.337]",0.739285628276053,3.33664759535356,0.24646147101533,0.716686119807409,0.00651002450521365,""
"Q8","MedicalSimple","EXPLNTrust",0.140793928548795,1.15118739668278,"[0.569, 2.337]",0.569151669573609,2.3365331393727,0.695185574387062,0.709334646134308,0.00651002450521365,""
"Q8","MedicalSimple","FAQHide",-0.074459982006358,0.928244619803023,"[0.496, 1.737]",0.495712627691678,1.73745492087506,0.815586619910233,0.954127652244156,0.00651002450521365,""
"Q8","MedicalSimple","FAQShow",0.179060423999959,1.1960930147087,"[0.650, 2.208]",0.650377311594414,2.20763606236783,0.564934006089974,0.753245341453299,0.00651002450521365,""
"Q8","MedicalSimple","combined_Medical_ExperienceTRUE",-0.100679706325182,0.904222603290065,"[0.524, 1.564]",0.523640478257142,1.56409773280229,0.717745207050103,0.717745207050103,0.00651002450521365,""
"Q8","MedicalSimple","combined_CS_ExperienceTRUE",0.129972997371236,1.13879763237974,"[0.602, 2.181]",0.602284238247508,2.18097838784707,0.690855251775397,0.763156955447641,0.00651002450521365,""
"Q8","MedicalComplex","EXPLNUnsubstantial",1.110446047189,3.0357121633679,"[1.240, 7.916]",1.24003483428874,7.9163277518478,0.0178867292378824,0.0715469169515297,0.034254078134791,"Lost significance"
"Q8","MedicalComplex","EXPLNHardware",0.360514515484378,1.4340670744908,"[0.663, 3.108]",0.662984391521059,3.10831433433537,0.358343059903705,0.716686119807409,0.034254078134791,""
"Q8","MedicalComplex","EXPLNTrust",0.709447904975872,2.03286861212603,"[0.895, 4.725]",0.895112443646712,4.72475824955473,0.0927959999577476,0.37118399983099,0.034254078134791,""
"Q8","MedicalComplex","FAQHide",-0.226011029191943,0.797709303528133,"[0.383, 1.639]",0.383002485426993,1.63908506769831,0.540414540972735,0.954127652244156,0.034254078134791,""
"Q8","MedicalComplex","FAQShow",-0.0774742851389743,0.925450821929932,"[0.437, 1.952]",0.43660403029842,1.95238367493099,0.838524547457006,0.838524547457006,0.034254078134791,""
"Q8","MedicalComplex","combined_Medical_ExperienceTRUE",-0.590812735309132,0.553876946405107,"[0.292, 1.060]",0.292371266446638,1.06035438132187,0.071037699162271,0.142075398324542,0.034254078134791,""
"Q8","MedicalComplex","combined_CS_ExperienceTRUE",0.10779736905391,1.1138220277073,"[0.562, 2.305]",0.562278735773271,2.30499819416771,0.763156955447641,0.763156955447641,0.034254078134791,""
"Q8","IoTSimple","EXPLNUnsubstantial",-0.0546222088255135,0.946842789241771,"[0.451, 1.984]",0.450607582485071,1.98435095733896,0.884824537324487,0.884824537324487,0.0340570507806054,""
"Q8","IoTSimple","EXPLNHardware",-0.113480016828512,0.892722035650471,"[0.429, 1.855]",0.429111456162394,1.85545965117884,0.760598279021713,0.760598279021713,0.0340570507806054,""
"Q8","IoTSimple","EXPLNTrust",-0.14012050614807,0.869253478698605,"[0.414, 1.817]",0.414420015101593,1.81666877901034,0.709334646134308,0.709334646134308,0.0340570507806054,""
"Q8","IoTSimple","FAQHide",-0.531519671234242,0.587711162955799,"[0.316, 1.082]",0.316022925667037,1.08183570911883,0.0897050865109722,0.358820346043889,0.0340570507806054,""
"Q8","IoTSimple","FAQShow",-0.213835773862462,0.807480983617381,"[0.426, 1.524]",0.425759443414902,1.5238967434475,0.509943362676525,0.753245341453299,0.0340570507806054,""
"Q8","IoTSimple","combined_IoT_ExperienceTRUE",-0.2993223533785,0.74132040377823,"[0.327, 1.680]",0.32672382458007,1.68039842314445,0.469923938311681,0.469923938311681,0.0340570507806054,""
"Q8","IoTSimple","combined_CS_ExperienceTRUE",0.860714882841578,2.36485068073701,"[1.273, 4.469]",1.27335449906929,4.46859431507571,0.00698339692023172,0.0279335876809269,0.0340570507806054,"Stayed significant"
"Q8","IoTComplex","EXPLNUnsubstantial",-0.432477156889869,0.648899675851914,"[0.313, 1.330]",0.313437979937259,1.33043338350267,0.239589726413364,0.479179452826729,0.0317803830893093,""
"Q8","IoTComplex","EXPLNHardware",0.189978684863686,1.20922382261194,"[0.581, 2.525]",0.58124640286558,2.52451455692177,0.611100970519217,0.760598279021713,0.0317803830893093,""
"Q8","IoTComplex","EXPLNTrust",0.1661775423448,1.18078272204766,"[0.574, 2.437]",0.574290283302287,2.43718731792163,0.651363820655474,0.709334646134308,0.0317803830893093,""
"Q8","IoTComplex","FAQHide",-0.0192767730186149,0.980907835846239,"[0.508, 1.894]",0.507648146715212,1.89417731917442,0.954127652244156,0.954127652244156,0.0317803830893093,""
"Q8","IoTComplex","FAQShow",-0.367472729820049,0.692482210665657,"[0.367, 1.301]",0.36685609591564,1.30055777519158,0.253970378194275,0.753245341453299,0.0317803830893093,""
"Q8","IoTComplex","combined_IoT_ExperienceTRUE",-0.757076670596847,0.469035570280203,"[0.226, 0.948]",0.225567164454049,0.948217705901116,0.0376374931264145,0.075274986252829,0.0317803830893093,"Lost significance"
"Q8","IoTComplex","combined_CS_ExperienceTRUE",0.521903332539126,1.68523215630971,"[0.894, 3.216]",0.894224298166923,3.21599349264041,0.108510807137784,0.217021614275567,0.0317803830893093,""
"Q9","MedicalSimple","EXPLNUnsubstantial",0.951418534166892,2.58938017957695,"[1.035, 6.952]",1.03490125345245,6.95238969878145,0.0477247950470219,0.0636330600626958,0.0451266671607028,"Lost significance"
"Q9","MedicalSimple","EXPLNHardware",0.64503319419714,1.90605029803119,"[0.729, 5.429]",0.72867636842676,5.42866565238923,0.202382481384869,0.269843308513158,0.0451266671607028,""
"Q9","MedicalSimple","EXPLNTrust",0.503887316874434,1.65514284597944,"[0.670, 4.293]",0.670420353496014,4.29270908396036,0.282698084190457,0.565396168380913,0.0451266671607028,""
"Q9","MedicalSimple","FAQHide",0.724029360932385,2.06272796361521,"[0.884, 5.138]",0.88352492140581,5.1378844817654,0.103445896645082,0.413783586580329,0.0451266671607028,""
"Q9","MedicalSimple","FAQShow",0.707383600406006,2.02867648056692,"[0.904, 4.764]",0.903837026476601,4.76447925862826,0.0926302467206553,0.18526049344131,0.0451266671607028,""
"Q9","MedicalSimple","combined_Medical_ExperienceTRUE",-0.463074758772506,0.629345581646286,"[0.308, 1.310]",0.307593912025286,1.31033614446637,0.207656786076015,0.41531357215203,0.0451266671607028,""
"Q9","MedicalSimple","combined_CS_ExperienceTRUE",0.0946325842580396,1.09925489736671,"[0.473, 2.816]",0.473368094408875,2.81550606337052,0.83342934887402,0.912471542784714,0.0451266671607028,""
"Q9","MedicalComplex","EXPLNUnsubstantial",1.28057288476059,3.59870077597322,"[1.252, 11.981]",1.25237882301401,11.9811686840092,0.0235524060929716,0.0471048121859432,0.0443815754310505,"Stayed significant"
"Q9","MedicalComplex","EXPLNHardware",0.798623773870991,2.22248018753443,"[0.893, 5.707]",0.893309637534486,5.70697013957697,0.0885067429812658,0.177013485962532,0.0443815754310505,""
"Q9","MedicalComplex","EXPLNTrust",-0.0146111120385701,0.985495112277826,"[0.425, 2.264]",0.424940692907153,2.26433988953235,0.972524907326252,0.972524907326252,0.0443815754310505,""
"Q9","MedicalComplex","FAQHide",0.25126830046535,1.28565497989069,"[0.565, 2.948]",0.564883366196676,2.94841060689366,0.548374507090112,0.548374507090112,0.0443815754310505,""
"Q9","MedicalComplex","FAQShow",0.0561854691068152,1.05779385362555,"[0.476, 2.354]",0.475907316435595,2.35393841695112,0.889733956623718,0.889733956623718,0.0443815754310505,""
"Q9","MedicalComplex","combined_Medical_ExperienceTRUE",-0.251311113258373,0.77778035613291,"[0.377, 1.670]",0.377084240602538,1.66960209641632,0.504925704307799,0.504925704307799,0.0443815754310505,""
"Q9","MedicalComplex","combined_CS_ExperienceTRUE",0.120144592732755,1.12765989121721,"[0.525, 2.603]",0.524515719217386,2.60253421843449,0.766740761416674,0.912471542784714,0.0443815754310505,""
"Q9","IoTSimple","EXPLNUnsubstantial",-0.520917042733882,0.593975597131329,"[0.225, 1.506]",0.224510282113259,1.50555850938951,0.278576191414672,0.278576191414672,0.0506190123207652,""
"Q9","IoTSimple","EXPLNHardware",0.196674222673417,1.21734739192096,"[0.426, 3.528]",0.426303050286677,3.52804354432641,0.711514004265268,0.711514004265268,0.0506190123207652,""
"Q9","IoTSimple","EXPLNTrust",-0.103305697415256,0.901851237745488,"[0.326, 2.461]",0.326346366485449,2.46115099494147,0.839298194321264,0.972524907326252,0.0506190123207652,""
"Q9","IoTSimple","FAQHide",0.481629933497344,1.61871064386089,"[0.750, 3.619]",0.749570615433418,3.61885216076787,0.227209617924218,0.454419235848435,0.0506190123207652,""
"Q9","IoTSimple","FAQShow",0.926490780289269,2.52563061557853,"[1.044, 6.804]",1.04365419558186,6.80416126634656,0.0496197260157075,0.18526049344131,0.0506190123207652,"Lost significance"
"Q9","IoTSimple","combined_IoT_ExperienceTRUE",0.734553655585968,2.08455135697454,"[0.784, 5.153]",0.784402976433183,5.15324156184371,0.121899217857569,0.121899217857569,0.0506190123207652,""
"Q9","IoTSimple","combined_CS_ExperienceTRUE",-0.388633247446197,0.677982876374021,"[0.318, 1.502]",0.318406843436178,1.5019354843096,0.322918958139024,0.912471542784714,0.0506190123207652,""
"Q9","IoTComplex","EXPLNUnsubstantial",1.64129856688654,5.16186819305898,"[2.069, 14.358]",2.06865981528387,14.3577559444206,0.00078260899317627,0.00313043597270508,0.0834642415702809,"Stayed significant"
"Q9","IoTComplex","EXPLNHardware",1.16949484049616,3.22036542936055,"[1.375, 8.011]",1.37501039502658,8.01083178249912,0.0087903775610058,0.0351615102440232,0.0834642415702809,"Stayed significant"
"Q9","IoTComplex","EXPLNTrust",0.765257402986388,2.1495476034233,"[0.974, 4.891]",0.973574005292397,4.8912298357278,0.0618030189006725,0.24721207560269,0.0834642415702809,""
"Q9","IoTComplex","FAQHide",-0.292825777434136,0.746152125911615,"[0.331, 1.649]",0.331109574098643,1.64898735824358,0.472303302269276,0.548374507090112,0.0834642415702809,""
"Q9","IoTComplex","FAQShow",0.136690602397534,1.14647337752628,"[0.518, 2.519]",0.517511256515738,2.51942543920419,0.733537475481958,0.889733956623718,0.0834642415702809,""
"Q9","IoTComplex","combined_IoT_ExperienceTRUE",-1.27070642103432,0.280633306468952,"[0.065, 0.845]",0.0647308256986875,0.845119491427839,0.0449163108559535,0.089832621711907,0.0834642415702809,"Lost significance"
"Q9","IoTComplex","combined_CS_ExperienceTRUE",0.0431956076448627,1.04414211705667,"[0.494, 2.327]",0.493561216252906,2.32743490423181,0.912471542784714,0.912471542784714,0.0834642415702809,""
"Q10","MedicalSimple","EXPLNUnsubstantial",-0.399210192520709,0.670849678948003,"[0.319, 1.393]",0.31875286759024,1.39277173367453,0.286771676106326,0.467536292402165,0.037276205758383,""
"Q10","MedicalSimple","EXPLNHardware",-0.327174901644911,0.720957635322377,"[0.319, 1.627]",0.319339443768485,1.62691044197864,0.4287466506224,0.8574933012448,0.037276205758383,""
"Q10","MedicalSimple","EXPLNTrust",-0.363247925095766,0.695414001541944,"[0.321, 1.493]",0.321389419924949,1.49297086411639,0.351969021616335,0.473813439063806,0.037276205758383,""
"Q10","MedicalSimple","FAQHide",-0.833359634965697,0.434586778015093,"[0.214, 0.864]",0.214324102184928,0.864439842223466,0.0187027073185862,0.0748108292743447,0.037276205758383,"Lost significance"
"Q10","MedicalSimple","FAQShow",-1.00843259423563,0.364790306132901,"[0.183, 0.708]",0.183284857905031,0.708006619291942,0.0033277743333608,0.0133110973334432,0.037276205758383,"Stayed significant"
"Q10","MedicalSimple","combined_Medical_ExperienceTRUE",0.122155041682713,1.12992927433648,"[0.631, 2.054]",0.630717438400046,2.05399265418006,0.684120790868525,0.684120790868525,0.037276205758383,""
"Q10","MedicalSimple","combined_CS_ExperienceTRUE",-0.0196550715219967,0.980536830059874,"[0.497, 1.984]",0.49736265592259,1.98395497418555,0.955335484771022,0.955335484771022,0.037276205758383,""
"Q10","MedicalComplex","EXPLNUnsubstantial",0.448570182308674,1.56607138733001,"[0.723, 3.433]",0.723094052068059,3.43343760663628,0.257313374544875,0.467536292402165,0.0234941978591101,""
"Q10","MedicalComplex","EXPLNHardware",-0.0145383345241944,0.985566836772461,"[0.480, 2.019]",0.480290820843807,2.01937833583674,0.96825458003733,0.96825458003733,0.0234941978591101,""
"Q10","MedicalComplex","EXPLNTrust",0.350941116228848,1.42040368472415,"[0.673, 3.015]",0.673411432469897,3.01496164240464,0.357231925187754,0.473813439063806,0.0234941978591101,""
"Q10","MedicalComplex","FAQHide",-0.474997212018432,0.621886790271512,"[0.328, 1.169]",0.327651610066658,1.16916608426567,0.142290496556522,0.142290496556522,0.0234941978591101,""
"Q10","MedicalComplex","FAQShow",-0.146830302987776,0.863440488255832,"[0.448, 1.659]",0.447698219192179,1.65949382352133,0.659582357678102,0.659582357678102,0.0234941978591101,""
"Q10","MedicalComplex","combined_Medical_ExperienceTRUE",0.452794063412757,1.57270027663515,"[0.865, 2.924]",0.8652374230287,2.92368037803479,0.143352293294903,0.286704586589807,0.0234941978591101,""
"Q10","MedicalComplex","combined_CS_ExperienceTRUE",0.0361421627463927,1.03680323080916,"[0.563, 1.933]",0.562918719659275,1.93339142076804,0.908240700132144,0.955335484771022,0.0234941978591101,""
"Q10","IoTSimple","EXPLNUnsubstantial",0.353388934002181,1.42388483297901,"[0.679, 3.010]",0.679005783567786,3.00956487548484,0.350652219301624,0.467536292402165,0.0180967280148774,""
"Q10","IoTSimple","EXPLNHardware",0.162546992929123,1.17650360450015,"[0.571, 2.430]",0.571327960987197,2.43031771010394,0.658964069055032,0.878618758740042,0.0180967280148774,""
"Q10","IoTSimple","EXPLNTrust",0.267756804511944,1.30702923774693,"[0.629, 2.733]",0.628514140403165,2.73276167508856,0.473813439063806,0.473813439063806,0.0180967280148774,""
"Q10","IoTSimple","FAQHide",-0.622542656187933,0.536578367301184,"[0.290, 0.983]",0.290199047395914,0.983220532398138,0.0450568543090342,0.0901137086180684,0.0180967280148774,"Lost significance"
"Q10","IoTSimple","FAQShow",-0.22481880135874,0.798660921922853,"[0.418, 1.528]",0.418026418314894,1.52789771345198,0.495370668181679,0.659582357678102,0.0180967280148774,""
"Q10","IoTSimple","combined_IoT_ExperienceTRUE",-0.307889890316136,0.734996243757674,"[0.309, 1.663]",0.308636087007194,1.66282363231718,0.469158809548305,0.469158809548305,0.0180967280148774,""
"Q10","IoTSimple","combined_CS_ExperienceTRUE",0.136531503210164,1.14629098905289,"[0.613, 2.178]",0.612847167163747,2.17785134950772,0.671694213771739,0.955335484771022,0.0180967280148774,""
"Q10","IoTComplex","EXPLNUnsubstantial",-0.00477800202615636,0.995233394467477,"[0.460, 2.151]",0.459651370411624,2.15124535459823,0.99027577056293,0.99027577056293,0.0344423854123074,""
"Q10","IoTComplex","EXPLNHardware",-0.701820782953264,0.495681952388412,"[0.230, 1.051]",0.229837683262623,1.05082072640537,0.0693361780614574,0.277344712245829,0.0344423854123074,""
"Q10","IoTComplex","EXPLNTrust",-0.341251841551825,0.710879856574795,"[0.331, 1.511]",0.331352422584376,1.51075731174316,0.376152948847173,0.473813439063806,0.0344423854123074,""
"Q10","IoTComplex","FAQHide",-0.632654422928097,0.531179951770466,"[0.261, 1.059]",0.261478373677881,1.0586379960097,0.0750998396368171,0.100133119515756,0.0344423854123074,""
"Q10","IoTComplex","FAQShow",-0.506207092234175,0.602777528032241,"[0.302, 1.180]",0.301727553032547,1.17957253298301,0.144043284187942,0.288086568375883,0.0344423854123074,""
"Q10","IoTComplex","combined_IoT_ExperienceTRUE",-0.422638606723297,0.655315416908984,"[0.298, 1.371]",0.298020449097129,1.37083486030684,0.27409825344815,0.469158809548305,0.0344423854123074,""
"Q10","IoTComplex","combined_CS_ExperienceTRUE",0.292399757748833,1.33963844145986,"[0.688, 2.694]",0.688056932601698,2.69389330404151,0.398482245701191,0.955335484771022,0.0344423854123074,""
"Q11","MedicalSimple","EXPLNUnsubstantial",-0.502792262263344,0.6048394293182,"[0.244, 1.468]",0.243919978754087,1.46782508468091,0.269685775378381,0.359581033837841,0.310255915959048,""
"Q11","MedicalSimple","EXPLNHardware",-0.54904402250427,0.577501625134594,"[0.214, 1.539]",0.213852364681194,1.53890381267296,0.273073609044214,0.546147218088427,0.310255915959048,""
"Q11","MedicalSimple","EXPLNTrust",-0.39552626590265,0.673325597688349,"[0.261, 1.711]",0.260727828881483,1.71069814972553,0.407458675376204,0.874763346181077,0.310255915959048,""
"Q11","MedicalSimple","FAQHide",2.96337501286856,19.3632126910849,"[8.913, 45.145]",8.91291372809518,45.1449414293132,6.55225796202043e-13,1.31045159240409e-12,0.310255915959048,"Stayed significant"
"Q11","MedicalSimple","FAQShow",3.17296178412564,23.8781015104276,"[10.978, 56.001]",10.9783479906974,56.0009664149118,1.78398727676637e-14,7.13594910706546e-14,0.310255915959048,"Stayed significant"
"Q11","MedicalSimple","combined_Medical_ExperienceTRUE",0.311456196010706,1.36541197462234,"[0.669, 2.861]",0.669286852762028,2.86107116529219,0.398212646458581,0.796425292917163,0.310255915959048,""
"Q11","MedicalSimple","combined_CS_ExperienceTRUE",0.0440166400725191,1.04499974361528,"[0.464, 2.418]",0.464356758026154,2.41779920716692,0.916322290765047,0.916322290765047,0.310255915959048,""
"Q11","MedicalComplex","EXPLNUnsubstantial",-0.585520965611744,0.556815704403647,"[0.210, 1.446]",0.209590223728987,1.4457124548002,0.232429218373919,0.359581033837841,0.267734724608397,""
"Q11","MedicalComplex","EXPLNHardware",-0.0828027065486703,0.920532744387772,"[0.357, 2.325]",0.357296484225971,2.3246761588437,0.86172914297451,0.86172914297451,0.267734724608397,""
"Q11","MedicalComplex","EXPLNTrust",0.126909232651727,1.13531396366664,"[0.434, 2.972]",0.434199854573452,2.97242608970295,0.794946295963455,0.874763346181077,0.267734724608397,""
"Q11","MedicalComplex","FAQHide",2.30142468365485,9.98840263675376,"[4.897, 21.427]",4.8967956989857,21.4266095111875,8.58425679823327e-10,8.58425679823327e-10,0.267734724608397,"Stayed significant"
"Q11","MedicalComplex","FAQShow",3.27064720143815,26.3283735916288,"[10.998, 71.892]",10.9976059755679,71.8919286042149,5.27730334795995e-12,7.03640446394659e-12,0.267734724608397,"Stayed significant"
"Q11","MedicalComplex","combined_Medical_ExperienceTRUE",-0.0392577845485436,0.961502816626801,"[0.459, 2.047]",0.458940490625967,2.04678207942668,0.917620751601878,0.917620751601878,0.267734724608397,""
"Q11","MedicalComplex","combined_CS_ExperienceTRUE",0.541877448439726,1.71923160278571,"[0.788, 3.910]",0.7883021975692,3.90991918327919,0.182598540000201,0.44785060124961,0.267734724608397,""
"Q11","IoTSimple","EXPLNUnsubstantial",-0.631984252098714,0.531536052390092,"[0.201, 1.374]",0.201003327979405,1.37355898983696,0.195330811814543,0.359581033837841,0.304201331097497,""
"Q11","IoTSimple","EXPLNHardware",-0.549154274634656,0.577437957859913,"[0.218, 1.490]",0.218441098704262,1.49033003761485,0.259947448624045,0.546147218088427,0.304201331097497,""
"Q11","IoTSimple","EXPLNTrust",-0.0772561256702492,0.925652739813924,"[0.352, 2.425]",0.351820012610939,2.42466841684553,0.874763346181077,0.874763346181077,0.304201331097497,""
"Q11","IoTSimple","FAQHide",2.98600489053529,19.8063954987957,"[9.156, 46.606]",9.15565609256708,46.6058906812385,4.72557441707977e-13,1.31045159240409e-12,0.304201331097497,"Stayed significant"
"Q11","IoTSimple","FAQShow",2.93202224377427,18.7655406497178,"[8.354, 46.535]",8.35421943768392,46.5353136438603,1.56959916331171e-11,1.56959916331171e-11,0.304201331097497,"Stayed significant"
"Q11","IoTSimple","combined_IoT_ExperienceTRUE",0.348042711659161,1.41629274066099,"[0.491, 3.998]",0.490689278528496,3.99816035607801,0.513637574510879,0.513637574510879,0.304201331097497,""
"Q11","IoTSimple","combined_CS_ExperienceTRUE",0.509875312094173,1.66508356621886,"[0.743, 3.868]",0.742510560783036,3.86760038737794,0.223925300624805,0.44785060124961,0.304201331097497,""
"Q11","IoTComplex","EXPLNUnsubstantial",-0.460121940626952,0.631206671076659,"[0.231, 1.685]",0.230718879865317,1.68525768959171,0.361719117856916,0.361719117856916,0.314934130136974,""
"Q11","IoTComplex","EXPLNHardware",-0.337184039177404,0.713777464796537,"[0.248, 2.008]",0.248464984546736,2.00826402336395,0.524765067019918,0.699686756026557,0.314934130136974,""
"Q11","IoTComplex","EXPLNTrust",-0.39122646449058,0.676226997294976,"[0.241, 1.856]",0.241115284720112,1.85648215674311,0.44994545679809,0.874763346181077,0.314934130136974,""
"Q11","IoTComplex","FAQHide",2.53010196268536,12.5547861911224,"[5.774, 29.187]",5.77444288161059,29.1870921602253,7.86117274843047e-10,8.58425679823327e-10,0.314934130136974,"Stayed significant"
"Q11","IoTComplex","FAQShow",3.7701887867028,43.3882551883497,"[16.814, 131.972]",16.8137075282761,131.972070417938,4.10026218095952e-13,8.20052436191904e-13,0.314934130136974,"Stayed significant"
"Q11","IoTComplex","combined_IoT_ExperienceTRUE",0.784821021189945,2.19201458146085,"[0.859, 5.570]",0.858677070198973,5.56988709360241,0.0974792200705657,0.194958440141131,0.314934130136974,""
"Q11","IoTComplex","combined_CS_ExperienceTRUE",0.43349387954235,1.54263790989875,"[0.647, 3.842]",0.647242535714861,3.84232246550324,0.337703472703585,0.450271296938113,0.314934130136974,""
"Q12","MedicalSimple","EXPLNUnsubstantial",0.205579779718327,1.22823696545237,"[0.577, 2.627]",0.577194109277281,2.62713941365921,0.593634119810104,0.791512159746805,0.13899846402537,""
"Q12","MedicalSimple","EXPLNHardware",0.343997629836145,1.41057529220914,"[0.615, 3.293]",0.614523061251448,3.29304484211459,0.419989844626034,0.776087850306618,0.13899846402537,""
"Q12","MedicalSimple","EXPLNTrust",0.158058439150056,1.17123463866455,"[0.531, 2.598]",0.530800462869041,2.59845822344586,0.695422871203849,0.695422871203849,0.13899846402537,""
"Q12","MedicalSimple","FAQHide",1.82950663402577,6.23081182953058,"[3.154, 12.785]",3.15377309934519,12.7848333653666,2.74779577229801e-07,1.0991183089192e-06,0.13899846402537,"Stayed significant"
"Q12","MedicalSimple","FAQShow",1.86420631650752,6.45081394911726,"[3.331, 12.939]",3.33077207306596,12.9387124107797,6.65548208618593e-08,2.66219283447437e-07,0.13899846402537,"Stayed significant"
"Q12","MedicalSimple","combined_Medical_ExperienceTRUE",-0.112530397683698,0.893570184231851,"[0.485, 1.657]",0.48508535566301,1.65700459705901,0.718648526992484,0.718648526992484,0.13899846402537,""
"Q12","MedicalSimple","combined_CS_ExperienceTRUE",-0.336262929486619,0.714435235029186,"[0.353, 1.455]",0.35330077364105,1.45452876054103,0.349517096016764,0.466022794689019,0.13899846402537,""
"Q12","MedicalComplex","EXPLNUnsubstantial",-0.542046900738519,0.58155664451339,"[0.258, 1.292]",0.258003085339995,1.29196409904255,0.185676107212246,0.371352214424492,0.0854272464984238,""
"Q12","MedicalComplex","EXPLNHardware",-0.23932710716651,0.787157355443396,"[0.363, 1.685]",0.362583386998678,1.68514831250632,0.540016937308759,0.776087850306618,0.0854272464984238,""
"Q12","MedicalComplex","EXPLNTrust",-0.636182489890576,0.529309215313699,"[0.239, 1.152]",0.238750823736431,1.15163677476839,0.111788418120046,0.447153672480183,0.0854272464984238,""
"Q12","MedicalComplex","FAQHide",1.20042978500704,3.32154416589345,"[1.747, 6.451]",1.74744780367311,6.45113422012482,0.000304029099614087,0.000341633454708737,0.0854272464984238,"Stayed significant"
"Q12","MedicalComplex","FAQShow",1.56137784764051,4.76538269506317,"[2.441, 9.589]",2.44055708421156,9.58862348435532,7.30453268424695e-06,1.46090653684939e-05,0.0854272464984238,"Stayed significant"
"Q12","MedicalComplex","combined_Medical_ExperienceTRUE",-0.412423132452576,0.662044084440058,"[0.359, 1.215]",0.359271293567356,1.21463748476835,0.183110553134194,0.366221106268387,0.0854272464984238,""
"Q12","MedicalComplex","combined_CS_ExperienceTRUE",-0.178562629435427,0.836471667488565,"[0.443, 1.580]",0.44332373080835,1.58048468728268,0.580505715767967,0.580505715767967,0.0854272464984238,""
"Q12","IoTSimple","EXPLNUnsubstantial",-0.522468157479845,0.593054986994435,"[0.272, 1.277]",0.271994537287418,1.27696938136114,0.183981456495997,0.371352214424492,0.0798390766506393,""
"Q12","IoTSimple","EXPLNHardware",-0.214306121933702,0.807101275798593,"[0.374, 1.729]",0.373902899751505,1.72927013533637,0.582065887729963,0.776087850306618,0.0798390766506393,""
"Q12","IoTSimple","EXPLNTrust",-0.302188025977248,0.739199063195739,"[0.340, 1.594]",0.339892833303643,1.5938933574802,0.441827666064527,0.695422871203849,0.0798390766506393,""
"Q12","IoTSimple","FAQHide",1.13889509967647,3.12331550569191,"[1.688, 5.889]",1.68827471452965,5.88887573070785,0.000341633454708737,0.000341633454708737,0.0798390766506393,"Stayed significant"
"Q12","IoTSimple","FAQShow",1.42792376399247,4.17003222664246,"[2.145, 8.367]",2.14542611192493,8.36667356682632,3.69015525682546e-05,4.92020700910061e-05,0.0798390766506393,"Stayed significant"
"Q12","IoTSimple","combined_IoT_ExperienceTRUE",0.159061216614412,1.17240971543746,"[0.501, 2.714]",0.501034998641845,2.71435270173532,0.709943334619526,0.709943334619526,0.0798390766506393,""
"Q12","IoTSimple","combined_CS_ExperienceTRUE",-0.424260461510096,0.65425345187253,"[0.342, 1.248]",0.342288729015133,1.24794563966401,0.196936897903308,0.43092123956518,0.0798390766506393,""
"Q12","IoTComplex","EXPLNUnsubstantial",-0.0645586338972652,0.937481144477406,"[0.443, 1.980]",0.442832987100952,1.97998932934954,0.865391961473539,0.865391961473539,0.0672377820272995,""
"Q12","IoTComplex","EXPLNHardware",0.0645900513674519,1.06672163366142,"[0.490, 2.326]",0.489917766212841,2.32574257295186,0.870415630655765,0.870415630655765,0.0672377820272995,""
"Q12","IoTComplex","EXPLNTrust",-0.151945519211287,0.859035080374983,"[0.400, 1.834]",0.400472586772245,1.83367549608522,0.694494125763272,0.695422871203849,0.0672377820272995,""
"Q12","IoTComplex","FAQHide",1.24967156734973,3.48919680310153,"[1.786, 6.971]",1.78594633413998,6.97147190828768,0.000310784659380833,0.000341633454708737,0.0672377820272995,"Stayed significant"
"Q12","IoTComplex","FAQShow",1.29661322602401,3.6568906092713,"[1.921, 7.109]",1.92083689657945,7.10894726088312,9.88800445952175e-05,9.88800445952175e-05,0.0672377820272995,"Stayed significant"
"Q12","IoTComplex","combined_IoT_ExperienceTRUE",-0.156267899198667,0.855330017448498,"[0.396, 1.787]",0.39574286336612,1.78733360604256,0.682618915808353,0.709943334619526,0.0672377820272995,""
"Q12","IoTComplex","combined_CS_ExperienceTRUE",-0.413020901045207,0.661648453539087,"[0.344, 1.276]",0.343594101339479,1.27641452134485,0.21546061978259,0.43092123956518,0.0672377820272995,""
